{
    "accuracy": 0.9,
    "precision": 0.9214285714285714,
    "recall": 0.9,
    "f1_score": 0.896,
    "confusion_matrix": [
        [
            10,
            0,
            0
        ],
        [
            0,
            6,
            3
        ],
        [
            0,
            0,
            11
        ]
    ],
    "classification_report": {
        "Iris-setosa": {
            "precision": 1.0,
            "recall": 1.0,
            "f1-score": 1.0,
            "support": 10
        },
        "Iris-versicolor": {
            "precision": 1.0,
            "recall": 0.6666666666666666,
            "f1-score": 0.8,
            "support": 9
        },
        "Iris-virginica": {
            "precision": 0.7857142857142857,
            "recall": 1.0,
            "f1-score": 0.88,
            "support": 11
        },
        "accuracy": 0.9,
        "macro avg": {
            "precision": 0.9285714285714285,
            "recall": 0.8888888888888888,
            "f1-score": 0.8933333333333334,
            "support": 30
        },
        "weighted avg": {
            "precision": 0.9214285714285714,
            "recall": 0.9,
            "f1-score": 0.896,
            "support": 30
        }
    }
}